<?xml version="1.0" encoding="UTF-8"?>
<GenRun Id="impl_1" LaunchPart="xc7a35tcpg236-1" LaunchTime="1512224751">
  <File Type="PWROPT-DRC" Name="FreqCounter_drc_pwropted.rpt"/>
  <File Type="OPT-METHODOLOGY-DRC" Name="FreqCounter_methodology_drc_opted.rpt"/>
  <File Type="INIT-TIMING" Name="FreqCounter_timing_summary_init.rpt"/>
  <File Type="ROUTE-PWR-RPX" Name="FreqCounter_power_routed.rpx"/>
  <File Type="PA-TCL" Name="FreqCounter.tcl"/>
  <File Type="OPT-HWDEF" Name="FreqCounter.hwdef"/>
  <File Type="RDI-RDI" Name="FreqCounter.vdi"/>
  <File Type="OPT-DCP" Name="FreqCounter_opt.dcp"/>
  <File Type="OPT-DRC" Name="FreqCounter_drc_opted.rpt"/>
  <File Type="OPT-TIMING" Name="FreqCounter_timing_summary_opted.rpt"/>
  <File Type="PWROPT-DCP" Name="FreqCounter_pwropt.dcp"/>
  <File Type="PWROPT-TIMING" Name="FreqCounter_timing_summary_pwropted.rpt"/>
  <File Type="PLACE-DCP" Name="FreqCounter_placed.dcp"/>
  <File Type="PLACE-IO" Name="FreqCounter_io_placed.rpt"/>
  <File Type="PLACE-CLK" Name="FreqCounter_clock_utilization_placed.rpt"/>
  <File Type="PLACE-UTIL" Name="FreqCounter_utilization_placed.rpt"/>
  <File Type="PLACE-UTIL-PB" Name="FreqCounter_utilization_placed.pb"/>
  <File Type="PLACE-CTRL" Name="FreqCounter_control_sets_placed.rpt"/>
  <File Type="PLACE-SIMILARITY" Name="FreqCounter_incremental_reuse_placed.rpt"/>
  <File Type="PLACE-PRE-SIMILARITY" Name="FreqCounter_incremental_reuse_pre_placed.rpt"/>
  <File Type="PLACE-TIMING" Name="FreqCounter_timing_summary_placed.rpt"/>
  <File Type="POSTPLACE-PWROPT-DCP" Name="FreqCounter_postplace_pwropt.dcp"/>
  <File Type="POSTPLACE-PWROPT-TIMING" Name="FreqCounter_timing_summary_postplace_pwropted.rpt"/>
  <File Type="PHYSOPT-DCP" Name="FreqCounter_physopt.dcp"/>
  <File Type="PHYSOPT-DRC" Name="FreqCounter_drc_physopted.rpt"/>
  <File Type="PHYSOPT-TIMING" Name="FreqCounter_timing_summary_physopted.rpt"/>
  <File Type="ROUTE-ERROR-DCP" Name="FreqCounter_routed_error.dcp"/>
  <File Type="ROUTE-DCP" Name="FreqCounter_routed.dcp"/>
  <File Type="ROUTE-BLACKBOX-DCP" Name="FreqCounter_routed_bb.dcp"/>
  <File Type="ROUTE-DRC" Name="FreqCounter_drc_routed.rpt"/>
  <File Type="ROUTE-DRC-PB" Name="FreqCounter_drc_routed.pb"/>
  <File Type="BG-BIN" Name="FreqCounter.bin"/>
  <File Type="ROUTE-DRC-RPX" Name="FreqCounter_drc_routed.rpx"/>
  <File Type="BG-DRC" Name="FreqCounter.drc"/>
  <File Type="ROUTE-METHODOLOGY-DRC" Name="FreqCounter_methodology_drc_routed.rpt"/>
  <File Type="BITSTR-MSK" Name="FreqCounter.msk"/>
  <File Type="ROUTE-METHODOLOGY-DRC-RPX" Name="FreqCounter_methodology_drc_routed.rpx"/>
  <File Type="BG-BGN" Name="FreqCounter.bgn"/>
  <File Type="ROUTE-METHODOLOGY-DRC-PB" Name="FreqCounter_methodology_drc_routed.pb"/>
  <File Type="ROUTE-PWR" Name="FreqCounter_power_routed.rpt"/>
  <File Type="ROUTE-PWR-SUM" Name="FreqCounter_power_summary_routed.pb"/>
  <File Type="ROUTE-STATUS" Name="FreqCounter_route_status.rpt"/>
  <File Type="ROUTE-STATUS-PB" Name="FreqCounter_route_status.pb"/>
  <File Type="ROUTE-TIMINGSUMMARY" Name="FreqCounter_timing_summary_routed.rpt"/>
  <File Type="ROUTE-TIMING-PB" Name="FreqCounter_timing_summary_routed.pb"/>
  <File Type="ROUTE-TIMING-RPX" Name="FreqCounter_timing_summary_routed.rpx"/>
  <File Type="ROUTE-SIMILARITY" Name="FreqCounter_incremental_reuse_routed.rpt"/>
  <File Type="ROUTE-CLK" Name="FreqCounter_clock_utilization_routed.rpt"/>
  <File Type="POSTROUTE-PHYSOPT-DCP" Name="FreqCounter_postroute_physopt.dcp"/>
  <File Type="POSTROUTE-PHYSOPT-BLACKBOX-DCP" Name="FreqCounter_postroute_physopt_bb.dcp"/>
  <File Type="POSTROUTE-PHYSOPT-TIMING" Name="FreqCounter_timing_summary_postroute_physopted.rpt"/>
  <File Type="POSTROUTE-PHYSOPT-TIMING-PB" Name="FreqCounter_timing_summary_postroute_physopted.pb"/>
  <File Type="POSTROUTE-PHYSOPT-TIMING-RPX" Name="FreqCounter_timing_summary_postroute_physopted.rpx"/>
  <File Type="BG-BIT" Name="FreqCounter.bit"/>
  <File Type="BITSTR-RBT" Name="FreqCounter.rbt"/>
  <File Type="BITSTR-NKY" Name="FreqCounter.nky"/>
  <File Type="BITSTR-BMM" Name="FreqCounter_bd.bmm"/>
  <File Type="BITSTR-MMI" Name="FreqCounter.mmi"/>
  <File Type="BITSTR-SYSDEF" Name="FreqCounter.sysdef"/>
  <File Type="WBT-USG" Name="usage_statistics_webtalk.html"/>
  <FileSet Name="sources" Type="DesignSrcs" RelSrcDir="$PSRCDIR/sources_1">
    <Filter Type="Srcs"/>
    <File Path="$PSRCDIR/sources_1/new/FreqCounter.v">
      <FileInfo>
        <Attr Name="UsedIn" Val="synthesis"/>
        <Attr Name="UsedIn" Val="implementation"/>
        <Attr Name="UsedIn" Val="simulation"/>
      </FileInfo>
    </File>
    <File Path="$PSRCDIR/sources_1/new/Motor_Control.v">
      <FileInfo>
        <Attr Name="UserDisabled" Val="1"/>
        <Attr Name="UsedIn" Val="synthesis"/>
        <Attr Name="UsedIn" Val="implementation"/>
        <Attr Name="UsedIn" Val="simulation"/>
      </FileInfo>
    </File>
    <File Path="$PSRCDIR/sources_1/new/PWM_Generator.v">
      <FileInfo>
        <Attr Name="UserDisabled" Val="1"/>
        <Attr Name="UsedIn" Val="synthesis"/>
        <Attr Name="UsedIn" Val="implementation"/>
        <Attr Name="UsedIn" Val="simulation"/>
      </FileInfo>
    </File>
    <File Path="$PSRCDIR/sources_1/new/Top.v">
      <FileInfo>
        <Attr Name="UserDisabled" Val="1"/>
        <Attr Name="UsedIn" Val="synthesis"/>
        <Attr Name="UsedIn" Val="implementation"/>
        <Attr Name="UsedIn" Val="simulation"/>
      </FileInfo>
    </File>
    <File Path="$PSRCDIR/sources_1/new/FiringMechanismTempCounter.v">
      <FileInfo>
        <Attr Name="UserDisabled" Val="1"/>
        <Attr Name="UsedIn" Val="synthesis"/>
        <Attr Name="UsedIn" Val="implementation"/>
        <Attr Name="UsedIn" Val="simulation"/>
      </FileInfo>
    </File>
    <Config>
      <Option Name="DesignMode" Val="RTL"/>
      <Option Name="TopModule" Val="FreqCounter"/>
      <Option Name="TopAutoSet" Val="TRUE"/>
    </Config>
  </FileSet>
  <FileSet Name="constrs_in" Type="Constrs" RelSrcDir="$PSRCDIR/constrs_1">
    <Filter Type="Constrs"/>
    <File Path="$PSRCDIR/constrs_1/new/Basys3_Master.xdc">
      <FileInfo>
        <Attr Name="UsedIn" Val="synthesis"/>
        <Attr Name="UsedIn" Val="implementation"/>
      </FileInfo>
    </File>
    <Config>
      <Option Name="ConstrsType" Val="XDC"/>
    </Config>
  </FileSet>
  <Strategy Version="1" Minor="2">
    <StratHandle Name="Vivado Implementation Defaults" Flow="Vivado Implementation 2017"/>
    <Step Id="init_design"/>
    <Step Id="opt_design"/>
    <Step Id="power_opt_design"/>
    <Step Id="place_design"/>
    <Step Id="post_place_power_opt_design"/>
    <Step Id="phys_opt_design"/>
    <Step Id="route_design"/>
    <Step Id="post_route_phys_opt_design"/>
    <Step Id="write_bitstream">
      <Option Id="BinFile">1</Option>
    </Step>
  </Strategy>
</GenRun>
